{"x":20.174195643626884,"y":0.70449843575251558,"z":0.84142292049922029}