{"x":[5.6992857609291283,5.6935934371413683,5.6926099440515072,5.6346845368863452,5.5664028588627987,-5.4734452807194858,-5.4944823255445092,2.9671583126304628,0.71768218114729254,-1.5406334329432534,-3.9963672322238231,2.6493818115425403,0.3553704474453761,-1.8750343245228669,-4.1739931432868591,3.2621640841812893,3.3413231792024849,3.2516672203184092,3.0618935610604536,0.77521526520591011,0.26104396360439908,0.18396592106861173,0.56716556658343231,-2.1818475451506982,-2.3399831613767272,-2.3504467798494484,-2.3126992587668651,-4.4976089716191776,-4.5276549795412464,-4.5361439912443675,-4.520570334115118],"y":[3.0303639928199853,1.6326116464869187,0,-1.6157197911586649,-3.2137641889823385,1.6734001556010587,-1.47224210195673,4.0839430566803232,4.070177906204222,4.232855568668449,4.2855791736047735,-4.2398971936248575,-4.0619028011563412,-4.0210240851322547,-4.0307783245938174,3.150235237672669,1.4183075423888667,-1.3802508457194529,-3.28347884830728,2.8931427565514385,1.2281152910708544,-1.1615151127955363,-2.9178138932868714,3.0030555143698341,1.3509899081200447,-1.1976124520155234,-2.8559457385719242,3.0336755567840439,1.3842430423048437,-1.2154561192052193,-2.9356927005577669],"z":[2.522346278301236,2.5443921196430237,2.5037607237855859,2.5335862916747254,2.51802048481401,3.1411977130335442,3.024177179952674,2.4812378718591508,2.4541706062837543,2.457463329838105,2.533239094292977,2.3815635269444262,2.4413462589463188,2.4430516499506756,2.419030988702016,2.9734918918640143,3.0407931170263476,3.0727625075884806,2.9587564780450268,2.8335497518044663,2.84641480432936,2.8528258210121367,2.8234091981035254,2.9248959109591945,2.9977318689845713,2.90263251450681,2.8375598549991814,2.9536502707617869,3.0383425329914511,2.9357607550113425,2.8439183586449621]}