{"x":[12.008909773750577,10.032617924797526,10.004702773380483,11.982382711434045],"y":[0,-1.6420658011710783,-1.6371436068056915,0],"z":[0.53578258397771816,1.2602205764748291,1.9209158225861,1.3232910705938332]}